{
    "dataset": "HDI",
    "seed": 0,
    "alternatives": [
        [
            81.3,
            17.0,
            14.2,
            55314.0
        ],
        [
            82.8,
            19.5,
            12.5,
            54508.0
        ],
        [
            82.3,
            18.5,
            12.4,
            57707.0
        ],
        [
            80.9,
            18.9,
            12.6,
            58662.0
        ],
        [
            81.9,
            19.4,
            12.8,
            48511.0
        ],
        [
            81.6,
            19.8,
            12.1,
            52085.0
        ],
        [
            81.5,
            16.1,
            12.5,
            56197.0
        ],
        [
            81.3,
            17.6,
            12.7,
            38080.0
        ]

    ],
    "weights": [
        0.3333333333333333,
        0.16666666666666666,
        0.16666666666666666,
        0.3333333333333333
    ],
    "preference_fct_descriptions": [
        {
            "type": 5,
            "ceils": [
                0.5,
                2
            ]
        },
        {
            "type": 5,
            "ceils": [
                0.5,
                2
            ]
        },
        {
            "type": 5,
            "ceils": [
                0.5,
                2
            ]
        },
        {
            "type": 5,
            "ceils": [
                2000,
                10000
            ]
        }
    ]
}

